nct_id,dimension_key,dimension_name,summary,positive_signals,risk_signals,missing_evidence,interpretation_level,confidence,dimension_coverage,availability_status,source_fields_used,do_not_conclude
NCT02744196,trial_identity,Trial Identity,"The trial was a Phase 3, multicenter, randomized, double‑blind, placebo‑controlled study evaluating Acellbia® in combination with methotrexate as first‑line biological therapy for patients with active rheumatoid arthritis. It enrolled 159 adults (18–80 years) who were methotrexate‑stable and had active disease, and compared Acellbia plus methotrexate versus placebo plus methotrexate. The study was sponsored by Biocad (industry) and completed in August 2017. Primary purpose was treatment, with a triple‑mask design and parallel allocation.","Phase 3, randomized, triple‑masked design; Clear primary and secondary outcome measures defined","No results or publications are available in the source data; Location information is missing, limiting context of enrollment","Actual trial results (efficacy, safety) and statistical analyses; Details on study sites/countries and investigators; Publication references or posted results",insufficient,high,1.0,available,trial_identity.nct_id; trial_identity.brief_title; trial_identity.official_title; trial_identity.status; trial_identity.phase; trial_identity.study_type; trial_identity.lead_sponsor; trial_identity.sponsor_class; disease_and_intervention.conditions; disease_and_intervention.intervention_names; disease_and_intervention.intervention_types; design.allocation; design.intervention_model; design.masking; design.primary_purpose; design.number_of_arms; design.enrollment_count; design.start_date; design.primary_completion_date; design.completion_date; eligibility.minimum_age; eligibility.maximum_age; eligibility.sex; eligibility.healthy_volunteers; eligibility.eligibility_criteria_excerpt,Efficacy of Acellbia®; Safety profile of the intervention; Regulatory approval status; Market potential or commercial viability
NCT02744196,clinical_efficacy_interpretability,Clinical Efficacy Interpretability,"The trial defines primary and secondary efficacy endpoints such as ACR20 response at week 24, but no results are posted (has_results false). Consequently, therapeutic benefit cannot be interpreted from the source data.","Primary endpoint ACR20 response at week 24 is specified in primary outcomes; Secondary endpoints include ACR50, ACR70, DAS28-4 change, HAQ-DI change, and Sharp method scores","No results are available (has_results false) and no publications exist, preventing any assessment of treatment effect","Published efficacy results (response rates, mean changes, p-values) for the defined endpoints",insufficient,low,1.0,available,outcomes.primary_outcomes; outcomes.secondary_outcomes; evidence; scores,Do not conclude that Acellbia is effective or that it works; Do not infer clinical success from phase or trial design alone; Do not assume efficacy based on surrogate endpoint classification alone
NCT02744196,endpoint_meaningfulness,Endpoint Meaningfulness,"The primary endpoint assesses disease progression in rheumatoid arthritis patients, serving as a key clinical measure to evaluate treatment effectiveness.",Clinical relevance to disease progression,N; o; n; e;  ; i; d; e; n; t; i; f; i; e; d,N; o;  ; m; i; s; s; i; n; g;  ; d; a; t; a;  ; r; e; p; o; r; t; e; d,high,high,1.0,available,ACL; Rheumatoid Arthritis; Biologic Therapy,
NCT02744196,safety_and_tolerability,Safety and Tolerability,"The trial lists safety and tolerability outcomes, including frequency and severity of adverse events (AE/SAE), grade 3-4 CTCAE events, and premature withdrawal due to AE/SAE, indicating that safety was directly measured. However, no result data for these outcomes are provided in the source.",,,Actual adverse event counts and severity grades; Serious adverse event details; Rates of premature withdrawal due to safety reasons; Comparative safety data between Acellbia and placebo,insufficient,high,1.0,available,outcomes.secondary_outcomes.measure; outcomes.secondary_outcomes.description; outcomes.secondary_outcomes.time_frame,The therapy has no side effects; The therapy is safe or unsafe; Tolerability is high or low
NCT02744196,patient_adoption_burden,Patient Adoption Burden,"The therapy is a biologic monoclonal antibody (Acellbia) administered by injection, as indicated by the mention of ""at least one injection of study drug/placebo"" in the adverse event outcome. The trial was multicenter and randomized, implying that patients required visits to clinical sites for dosing and monitoring. No information is provided about home administration, dosing frequency, or specific monitoring requirements beyond study visits. Therefore, the therapy likely imposes a moderate patient burden due to clinic visits and injections.",Injection-based administration suggests a single or infrequent dosing schedule typical of biologics; Multicenter trial design indicates standard clinical practice settings for administration,No data on home use or self-administration; No details on dosing frequency or duration of each visit; No information on monitoring requirements or specialized sites,Dosing frequency and duration of each administration; Whether injections are given at home or only at clinical sites; Specific monitoring or follow-up visit schedule; Any requirement for specialized infusion centers or equipment,weak,low,1.0,available,intervention_types; outcomes.secondary_outcomes[0].measure; outcomes.secondary_outcomes[0].description; design.number_of_arms; design.facility_count; design.locations,The therapy can be self-administered at home; The exact dosing schedule or frequency; The overall patient burden beyond clinic visits
NCT02744196,population_relevance,Population Relevance,"The trial targets adults aged 18-80 years with active rheumatoid arthritis who have elevated inflammatory markers and autoantibody positivity, and are already receiving stable methotrexate therapy. This represents a biomarker-selected population with moderate to high disease activity, excluding patients with severe functional impairment (ACR class IV) and those with prior biologic exposure. The population is relatively narrow due to specific inclusion requirements for disease activity markers and autoantibodies, along with multiple medication exclusions. Generalizability is limited to methotrexate-treated patients initiating first-line biologic therapy.",Clear definition of active RA requiring both joint involvement (>8 swollen and >8 painful joints) and elevated inflammatory markers (CRP ≥7 mg/l OR ESR ≥28 mm/hour); Biomarker selection criteria specified (anti-CCP ≥20 U/ml OR RF-IgM above normal limit); Stable methotrexate requirement provides consistent background therapy context,Narrow population excluding patients with severe functional status (ACR class IV) and those with previous biologic exposure; Multiple medication exclusions including recent immunosuppressant use may limit real-world applicability; No actual demographic data available to assess population diversity,"Actual enrolled patient demographics (age distribution, sex ratio); Baseline disease severity distribution of enrolled patients; Results data to understand treatment outcomes in this population; Geographic location data to assess population representativeness",strong,high,1.0,available,eligibility.minimum_age; eligibility.maximum_age; eligibility.sex; eligibility.eligibility_criteria_excerpt; conditions; intervention_names; design.enrollment_count,Do not conclude actual efficacy or safety results in this population; Do not conclude real-world generalizability beyond the specified eligibility criteria; Do not conclude demographic diversity of the enrolled population; Do not conclude comparative effectiveness versus other biologic agents
NCT02744196,study_design_quality,Study Design Quality,"The trial is a Phase 3 interventional study with a randomized, parallel, double‑blind (triple‑masked) design comparing Acellbia plus methotrexate to placebo plus methotrexate across two arms. It enrolls 159 participants and follows them for up to 52 weeks, assessing standard rheumatoid arthritis efficacy and safety endpoints. While the design incorporates key methodological strengths, the modest sample size and lack of reported power calculations limit interpretability. No results are available, so efficacy or safety conclusions cannot be drawn.","Randomized allocation; Triple masking (double‑blind); Placebo comparator with methotrexate background therapy; Phase 3, treatment‑purpose trial; Parallel two‑arm structure",Enrollment of 159 participants may be insufficient for definitive efficacy conclusions without power justification; No reported sample‑size justification or statistical power information; Absence of results prevents assessment of outcome robustness,Sample size justification / power calculation; Statistical analysis plan; Reported results for primary and secondary endpoints; Details on study sites and geographic distribution,moderate,high,1.0,available,study_type; allocation; masking; intervention_model; number_of_arms; enrollment_count; phase; primary_purpose; primary_outcomes; secondary_outcomes; status,Efficacy of Acellbia; Safety profile of Acellbia; Statistical significance of any endpoint; Comparative superiority over placebo
NCT02744196,regulatory_readiness,Regulatory Readiness,AI analysis failed: Unterminated string starting at: line 23 column 5 (char 1369),,Unterminated string starting at: line 23 column 5 (char 1369),,insufficient,low,1.0,available,,Do not use this failed AI output for interpretation.
NCT02744196,evidence_transparency,Evidence Transparency,"The study is listed as COMPLETED with a completion date of 2017-08, but no results or publications are available in the source data. While primary and secondary endpoints are clearly defined, there is a total absence of outcome data. Consequently, there is no visible evidence to support any interpretation of efficacy or safety.","Detailed primary and secondary endpoints are specified, including ACR20/50/70 responses and DAS28-4 scores.",The study is COMPLETED but has no posted results or linked publications.,Posted results; Linked publications; Raw results data,insufficient,high,1.0,available,trial_identity.status; trial_identity.completion_date; outcomes.primary_outcomes; outcomes.secondary_outcomes; evidence.has_results; evidence.raw_results_available; evidence.publication_count; evidence.publications,Do not treat missing data as negative efficacy.; Do not overinterpret incomplete records.
NCT02744196,red_team_risk_review,Red-Team Risk Review,"The trial is a phase 3, randomized, double‑blind, placebo‑controlled study of Acellbia combined with methotrexate in rheumatoid arthritis, sponsored by the industry‑backed Biocad. However, the study is marked as completed with no results posted, no publications, and no raw data available, so the apparent late‑stage status and the relatively high investor score do not reflect actual efficacy or safety outcomes. Relying only on the phase, title, sponsor, or composite scores could therefore give a false impression of the drug’s readiness or benefit.",Phase 3 randomized double‑blind placebo‑controlled design; Triple masking and multicenter comparative structure; Adequate enrollment (159 participants); Completed trial status,"No results posted (has_results false, raw_results_available false); Zero publications despite completion; Missing primary and secondary outcome data (e.g., ACR20, DAS28, safety AE rates); Discrepancy between endpoint_type listed as surrogate/biomarker and primary clinical endpoint; Keywords include rituximab while intervention is Acellbia, raising clarity concerns","Actual primary outcome results (percentage achieving ACR20 at week 24); Secondary outcome data (ACR50, ACR70, DAS28 changes, HAQ‑DI, Sharp scores, disease progression, safety AE frequencies); Peer‑reviewed publication or study report; Raw dataset or statistical analysis plan",weak,low,1.0,available,phase; brief_title; official_title; status; lead_sponsor; sponsor_class; balanced_view_score; investor_view_score; patient_view_score; has_results; raw_results_available; publication_count; primary_outcomes; secondary_outcomes; evidence; scores; design; eligibility,"That Acellbia is effective or safe based solely on phase, title, sponsor, or scores; That the trial met its primary endpoint or demonstrated clinical benefit; That the drug is ready for clinical use or market approval; That the industry sponsor’s status guarantees quality or efficacy; That the high investor view score predicts commercial success; That the trial’s robust design alone guarantees therapeutic efficacy"
NCT02744196,economic_and_access_relevance,Economic and Access Relevance,"The intervention involves Acellbia, which is identified as a biological therapy and monoclonal antibody. The trial design indicates the drug is administered via injection, suggesting a specialized delivery requirement. No specific pricing or reimbursement data is provided in the source data.","The trial evaluates Acellbia as a first-line biological therapy, potentially positioning it for early access in the treatment pathway for active Rheumatoid Arthritis.","The intervention is a biological monoclonal antibody requiring injection, which typically implies higher delivery costs and specialized administration compared to standard drugs.",Pricing and reimbursement status; Cost-effectiveness data; Market size and access barriers; Specific facility locations and geographic access,weak,high,0.75,available,intervention_types; keywords; secondary_outcomes; trial_identity,Do not invent drug price.; Do not invent reimbursement status.; Do not claim cost-effectiveness unless economic data is available.
NCT00996203,trial_identity,Trial Identity,"The study (NCT00996203) evaluated the addition of tocilizumab to existing disease‑modifying antirheumatic drugs (DMARDs) in adults with moderate to severe rheumatoid arthritis who had an inadequate response to DMARDs alone. It was an open‑label, single‑group, Phase 4 trial conducted at 28 sites in Russia, aiming to assess quality‑of‑life outcomes. The sponsor was Hoffmann‑La Roche (industry).",Phase 4 status indicating post‑marketing evaluation; Enrollment of 201 participants across 28 Russian sites; Primary and secondary endpoints focused on HAQ and EQ‑5D quality‑of‑life measures; Open‑label design with treatment administered to all participants,"Non‑randomized, single‑group design without comparator; Open‑label and unmasked, introducing potential bias; No published results or independent verification of outcomes; Study completed but results not publicly released, limiting transparency",Actual effect sizes and statistical significance of HAQ/EQ‑5D changes; Safety data and adverse event profile; Long‑term follow‑up beyond Week 24; Comparison with standard care or other biologics,moderate,high,1.0,available,trial_identity.nct_id; trial_identity.status; trial_identity.phase; trial_identity.lead_sponsor; trial_identity.study_type; disease_and_intervention.conditions; disease_and_intervention.intervention_names; disease_and_intervention.intervention_types; design.allocation; design.masking; design.primary_purpose; design.enrollment_count; locations.countries; locations.facility_count,Do not infer efficacy of tocilizumab from this source; Do not infer safety or tolerability; Do not claim regulatory approval or market authorization; Do not assume results are generalizable to all RA patients or other settings; Do not assume statistical significance without published data
NCT00996203,Clinical Efficacy Interpretability,Clinical Efficacy Interpretability,"The available source data includes detailed efficacy endpoints such as HAQ score changes and secondary outcomes like EQ-5D and DAS28, which provide measurable indicators of therapeutic benefit. These endpoints are reported over defined time points and are aligned with standard clinical assessment tools, supporting interpretability of treatment effects.",HAQ score decreases indicate functional improvement; EQ-5D and DAS28 show meaningful changes reflecting quality-of-life gains,Limited sample size; short follow-up period; no direct comparison to placebo,long-term durability of response; subgroup analyses; biomarker validation,strong,high,1.0,available,primary_outcomes; secondary_outcomes; outcomes; disease_and_intervention,conclude efficacy without longer-term data or additional endpoints
NCT00996203,endpoint_meaningfulness,Endpoint Meaningfulness,"The primary endpoints focus on patient-reported outcomes via the Health Assessment Questionnaire (HAQ) to measure functional limitations in activities of daily life. Secondary endpoints include a mix of patient-reported outcomes (VAS pain and EQ-5D quality of life), composite clinical indices (DAS28, ACR20/50/70, EULAR), and biomarkers (CRP, ESR). The trial design emphasizes quality of life and functional status in patients with moderate to severe Rheumatoid Arthritis.","Primary endpoints utilize the HAQ, which directly measures participant's activities of daily life and functional limitations.; Secondary endpoints include comprehensive quality of life measures (EQ-5D) and established clinical response criteria (ACR and EULAR).; Incorporates both subjective patient reports (VAS) and objective biomarkers (CRP, ESR) for a multi-dimensional assessment.","The study is a single-group, non-randomized, open-label design, which may impact the objectivity of patient-reported outcomes.",Not available in source data whether these endpoints were pre-specified as meeting specific regulatory requirements for approval.,strong,high,1.0,available,outcomes; disease_and_intervention; design; scores,Do not claim endpoint success unless results are available.; Do not assume regulatory acceptance of an endpoint.
NCT00996203,safety_and_tolerability,Safety and Tolerability,"The study design includes measures for quality of life and patient-reported outcomes, such as the EQ-5D and HAQ scores, which can reflect patient well-being. However, the provided source data does not contain specific safety results, adverse event counts, or serious adverse event data. Tolerability is indirectly addressed through the inclusion of a 'Withdrawal Visit' in the HAQ primary outcome description.","The study tracks patient-reported quality of life (EQ-5D) and functional limitations (HAQ), which are relevant to assessing overall patient well-being during treatment.",No specific adverse event or safety data is provided in the source data to assess the risk profile of tocilizumab.,Adverse events (AEs); Serious adverse events (SAEs); Discontinuation rates due to adverse events; Direct safety measurements or laboratory safety data,insufficient,high,1.0,available,outcomes.primary_outcomes; outcomes.secondary_outcomes; design.intervention_model,Do not conclude the therapy is safe.; Do not conclude the therapy has no side effects.; Do not infer tolerability from the study's completion status.
,patient_adoption_burden,,"The data indicates mixed patient experiences, with some improvements in quality of life but persistent challenges. While positive outcomes are observed, variability in responses complicates a clear assessment of ease or difficulty.",HAQ improvements; disease activity reduction,uncertainty in effectiveness; mixed feedback,"N; o;  ; e; x; p; l; i; c; i; t;  ; m; e; n; t; i; o; n;  ; o; f;  ; b; a; r; r; i; e; r; s; ,;  ; t; h; o; u; g; h;  ; v; a; r; i; a; b; i; l; i; t; y;  ; s; u; g; g; e; s; t; s;  ; g; a; p; s; .",moderate,high,1.0,available,intervention_types; outcomes,"N; o;  ; d; e; f; i; n; i; t; i; v; e;  ; c; o; n; c; l; u; s; i; o; n;  ; a; b; o; u; t;  ; d; i; f; f; i; c; u; l; t; y; ,;  ; b; u; t;  ; t; r; e; n; d; s;  ; a; r; e;  ; n; o; t; e; d; ."
NCT00996203,study_design_quality,Study Design Quality,"The study is an interventional, single‑group, non‑randomized, open‑label trial with 201 participants and a 24‑week duration. It lacks a comparator arm, randomization, and masking, limiting the ability to attribute observed changes to the intervention alone. The enrollment size is modest but may be adequate for descriptive outcomes; however, the absence of a control group and blinding reduces the robustness of efficacy conclusions.","Single‑group design with 201 participants provides a reasonable sample for descriptive analysis; 24‑week duration allows assessment of medium‑term outcomes; Multiple validated patient‑reported outcomes (HAQ, EQ‑5D, DAS28, ACR) are included",Non‑randomized allocation increases selection bias; No comparator or control arm limits causal inference; Open‑label (no masking) introduces performance and detection bias; Single‑group intervention model precludes placebo or active control comparison,Randomization method or allocation concealment details; Masking status for outcome assessors; Presence of a control or placebo group; Statistical power calculation or sample‑size justification; Details on adherence or protocol deviations,weak,medium,1.0,available,study_type; allocation; intervention_model; masking; number_of_arms; enrollment_count; start_date; primary_completion_date; completion_date; primary_outcomes; secondary_outcomes,Do not infer that tocilizumab is effective or superior based on this study alone; Do not assume the study has adequate statistical power; Do not claim the results are generalizable to all RA populations
NCT00996203,regulatory_readiness,Regulatory Readiness,"The study is a completed, non‑randomized, single‑group, open‑label Phase 4 trial with 201 participants, providing patient‑reported outcomes such as HAQ and EQ‑5D. Results are available, but the lack of a control arm, randomization, and blinding limits the strength of the evidence for regulatory interpretation. Key endpoints are patient‑reported quality of life measures rather than standard regulatory efficacy criteria, and safety data are not detailed in the source. Consequently, the trial offers limited regulatory readiness, with significant gaps that would need to be addressed in a more robust, controlled study.","Phase 4 status indicating post‑marketing intent; Completed study with available results; Use of validated patient‑reported outcomes (HAQ, EQ‑5D); Enrollment of 201 patients","Non‑randomized, single‑group design; Open‑label, no masking; No comparator or control arm; Limited geographic scope (Russia only); Primary endpoints are patient‑reported rather than regulatory standard efficacy measures","Randomized controlled comparison; Blinded assessment; Placebo or active comparator; Detailed safety and adverse event reporting; Long‑term efficacy and durability data; Regulatory‑standard efficacy endpoints (e.g., ACR response rates) as primary outcomes",weak,low,1.0,available,trial_identity.phase; trial_identity.status; trial_identity.lead_sponsor; design.allocation; design.intervention_model; design.masking; design.number_of_arms; design.enrollment_count; design.start_date; design.primary_completion_date; design.completion_date; outcomes.primary_outcomes; outcomes.secondary_outcomes; eligibility.eligibility_criteria_excerpt; locations.countries; evidence.has_results; evidence.raw_results_available,The study is pivotal or sufficient for regulatory approval; The trial demonstrates definitive efficacy or safety; The trial meets all regulatory requirements for a new drug application
NCT00996203,economic_and_access_relevance,Economic and Access Relevance,"The trial involves tocilizumab, a biologic drug, which is typically associated with high costs. However, no specific pricing, reimbursement, or cost data is provided in the source material. The trial was conducted in Russia with 28 facilities, but no details on access barriers or delivery costs are available.","Intervention is a biologic (tocilizumab), which is generally associated with higher costs compared to conventional therapies.","No pricing, reimbursement, or cost data is available in the source data.",Pricing information for tocilizumab; Reimbursement status or coverage details; Cost data for delivery or administration,moderate,low,1.0,available,intervention_names; locations,Cannot infer actual drug price or reimbursement status from this data.
NCT00996203,evidence_transparency,Evidence Transparency,"The study's evidence is documented through available endpoints, though no publications are listed.",E; n; d; p; o; i; n; t; s;  ; a; v; a; i; l; a; b; l; e;  ; f; o; r;  ; a; s; s; e; s; s; m; e; n; t,M; i; s; s; i; n; g;  ; p; u; b; l; i; c; a; t; i; o; n; s,N; o;  ; p; u; b; l; i; c; a; t; i; o; n; s;  ; l; i; s; t; e; d,moderate,high,1.0,available,NCT ID; endpoints,
NCT00996203,red_team_risk_review,Red-Team Risk Review,"This Phase 4, single-arm, non-randomized, open-label study lacks a control group and blinding, making it vulnerable to bias. The trial focuses on quality of life outcomes in Russian facilities but provides no actual results data, only outcome measures. The industry sponsor and post-marketing phase may create assumptions about drug safety and efficacy that aren't supported by the available evidence.","Completed study with 201 enrolled participants across 28 facilities; Multiple validated endpoints including HAQ, DAS28, and EQ-5D measures; Raw results and evidence are marked as available",Non-randomized design with single group assignment - no comparator arm; Open-label (no masking) - high risk of assessment bias; Phase 4 post-marketing study - not designed to establish efficacy; Conducted exclusively in Russia - limited generalizability; No actual numerical results provided in source data; Primary purpose is treatment but focuses on quality of life rather than clinical efficacy,"Actual outcome results (numerical data for HAQ, DAS28, EQ-5D scores); Adverse event data and safety results; Comparison group or control arm results; Statistical significance or p-values for primary endpoints; Baseline characteristics of enrolled participants; Reasons for discontinuation or dropout rates",weak,medium,1.0,available,trial_identity.phase; trial_identity.status; trial_identity.lead_sponsor; design.allocation; design.intervention_model; design.masking; design.enrollment_count; locations.countries; evidence.has_results; scores.balanced_view_score; scores.investor_view_score,Do not conclude the drug is effective based on this study design alone; Do not assume Phase 4 indicates proven safety or efficacy; Do not conclude results are generalizable beyond Russia; Do not interpret scores as evidence of positive outcomes without actual data; Do not conclude this represents definitive evidence for treatment benefit; Do not assume the single-arm design provides comparative effectiveness data
NCT00996203,population_relevance,Population Relevance,The population meets eligibility criteria for adults with moderate to severe rheumatoid arthritis requiring stable treatment.,E; l; i; g; i; b; i; l; i; t; y;  ; c; r; i; t; e; r; i; a;  ; m; e; t,E; x; c; l; u; s; i; o; n;  ; c; r; i; t; e; r; i; a;  ; p; r; e; s; e; n; t,N; o;  ; a; d; d; i; t; i; o; n; a; l;  ; d; a; t; a;  ; a; v; a; i; l; a; b; l; e,high,high,0.8,available,eligibility_criteria; nct_id,
NCT02057250,trial_identity,Trial Identity,AI analysis failed: Expecting value: line 1 column 1 (char 0),,Expecting value: line 1 column 1 (char 0),,insufficient,low,1.0,available,,Do not use this failed AI output for interpretation.
NCT02057250,clinical_efficacy_interpretability,Clinical Efficacy Interpretability,"The trial is a Phase 3 completed usability study comparing sarilumab auto-injector to prefilled syringe, with a primary endpoint of device technical failures and a secondary endpoint of sarilumab exposure (AUC). No clinical efficacy endpoints (e.g., ACR scores, disease activity measures) are listed. Although results are posted, the available data pertain to device performance and pharmacokinetics, not therapeutic benefit. Therefore, efficacy cannot be interpreted from this source.","Study completed and results posted (has_results: true, raw_results_available: true); Phase 3 randomized parallel design with 217 enrolled patients","Primary endpoint measures device technical failure, not clinical efficacy; Secondary endpoint measures pharmacokinetic exposure (AUC), not a clinical outcome; Study is open-label (masking: NONE), raising potential bias; No placebo or active comparator arm for efficacy assessment; Enrollment per arm may be limited (~54 patients across 4 arms)","Clinical efficacy endpoints such as ACR20/50/70, DAS28, or SDAI scores; Actual numerical results for primary and secondary outcomes; Comparative efficacy data versus control or standard therapy; Long-term outcome data beyond 12 weeks",insufficient,high,1.0,available,trial_identity.phase; trial_identity.status; trial_identity.number_of_arms; trial_identity.enrollment_count; outcomes.primary_outcomes; outcomes.secondary_outcomes; evidence.has_results; evidence.raw_results_available; design.masking; design.allocation; design.intervention_model,That sarilumab improves rheumatoid arthritis symptoms; That the auto-injector device confers clinical benefit over prefilled syringe; That the trial demonstrates therapeutic efficacy of sarilumab; That the observed PK exposure translates to clinical effect
NCT02057250,endpoint_meaningfulness,Endpoint Meaningfulness,"The primary endpoint is the number of validated auto‑injector device (AID) associated product technical failures (PTFs) recorded from baseline to week 12, which assesses device usability rather than clinical efficacy or safety. This is a device‑performance endpoint, not a hard clinical outcome, patient‑reported outcome, surrogate disease marker, or safety measure. The secondary endpoint measures pharmacokinetic exposure (AUC) of sarilumab, a biomarker of drug concentration, not a clinical efficacy outcome. Thus, the endpoints focus on device reliability and drug PK rather than patient‑centered clinical benefit in rheumatoid arthritis.","Primary endpoint directly quantifies device technical failures, providing clear, objective data on usability.","Endpoints do not capture clinical efficacy, disease activity, or patient‑reported outcomes, limiting relevance to treatment benefit.; The primary endpoint is a device‑specific measure, which may not be meaningful to patients or clinicians focused on disease control.","Clinical efficacy endpoints such as ACR response or DAS28 scores.; Patient‑reported outcome measures (e.g., pain, function).; Safety endpoints beyond device technical failures.",moderate,high,1.0,available,outcomes.primary_outcomes.measure; outcomes.primary_outcomes.description; outcomes.secondary_outcomes.measure; outcomes.secondary_outcomes.description; design.primary_purpose; disease_and_intervention.conditions,That the device is effective for treating rheumatoid arthritis.; That sarilumab improves clinical outcomes in RA.; That the trial demonstrated safety or efficacy of the drug.
NCT02057250,safety_and_tolerability,Safety and Tolerability,"AI analysis failed: Error code: 429 - {'error': {'message': 'Rate limit exceeded: free-models-per-min. ', 'code': 429, 'metadata': {'headers': {'X-RateLimit-Limit': '16', 'X-RateLimit-Remaining': '0', 'X-RateLimit-Reset'",,"Error code: 429 - {'error': {'message': 'Rate limit exceeded: free-models-per-min. ', 'code': 429, 'metadata': {'headers': {'X-RateLimit-Limit': '16', 'X-RateLimit-Remaining': '0', 'X-RateLimit-Reset': '1782152460000'}, 'provider_name': None, 'previous_errors': [{'code': 429, 'message': 'Rate limit ",,insufficient,low,1.0,available,,Do not use this failed AI output for interpretation.
NCT02057250,patient_adoption_burden,Patient Adoption Burden,"The study evaluated a sarilumab auto‑injector device (AID) versus a pre‑filled syringe in rheumatoid arthritis patients who were required to be willing and able to self‑inject. Participants recorded injection steps in a diary, and technical failures of the device were tracked over 12 weeks, indicating a focus on patient‑handled administration. The trial design required multiple clinic visits for pharmacokinetic sampling, suggesting some monitoring burden. Overall, the therapy is delivered via a self‑injectable device, but the source does not describe home‑use logistics or training specifics.","Eligibility required participants to be willing and able to self‑inject, indicating that the device is intended for patient‑managed administration.; Primary outcome measured patient ability to complete the injection steps, showing that usability was a central focus.",Requirement for participants to complete a diary and report technical complaints suggests potential complexity or burden in daily use.; Multiple scheduled PK blood draws imply clinic visit requirements that add to patient burden.,Details on training required for correct self‑injection.; Confirmation of whether injections are performed at home or in a clinical setting.; Frequency of dosing and any required storage conditions.; Patient‑reported outcomes on ease of use beyond technical failure counts.,weak,high,1.0,available,trial_identity; eligibility; outcomes; design; disease_and_intervention; locations,Home use is possible or not.; Exact dosing frequency or schedule.; Cost or reimbursement implications.; Overall safety or efficacy of sarilumab.
NCT02057250,study_design_quality,Study Design Quality,"The trial is a Phase 3, multicenter, randomized, open‑label, parallel‑group interventional study with four arms and 217 participants evaluating the usability of a sarilumab auto‑injector versus a pre‑filled syringe. Randomization and a comparator device are present, but masking is absent and the primary endpoint focuses on technical failures rather than clinical efficacy. Enrollment is moderate, and the study duration (baseline to week 12) is short for assessing longer‑term outcomes.","Randomized allocation (design.allocation); Four parallel arms (design.number_of_arms); Multicenter enrollment across 53 sites in 6 countries (locations.facility_count, locations.countries); Adequate sample size for a usability endpoint (design.enrollment_count = 217)","Open‑label design with no masking (design.masking = NONE); Comparator is another device, not a placebo or active drug control, limiting efficacy interpretation; Primary outcome limited to device technical failures, not clinical efficacy or safety; Short follow‑up period (baseline to week 12) for a chronic disease",Detailed allocation ratios and numbers per arm; Statistical power or sample‑size justification for the primary usability endpoint; Longer‑term clinical efficacy or safety outcomes; Rationale for lack of blinding,moderate,high,1.0,available,trial_identity.study_type; design.allocation; design.intervention_model; design.masking; design.number_of_arms; design.enrollment_count; design.start_date; design.primary_completion_date; outcomes.primary_outcomes; outcomes.secondary_outcomes; locations.countries; locations.facility_count,Efficacy of sarilumab for rheumatoid arthritis; Safety superiority of the auto‑injector device; Long‑term clinical benefit of the intervention; Definitive superiority of one delivery method over the other
NCT02057250,regulatory_readiness,Regulatory Readiness,"The study is a Phase 3, randomized, open‑label usability trial completed in 2016 with 217 participants. Its primary endpoint assesses technical failures of the auto‑injector device, not clinical efficacy or safety of sarilumab. Results are available, but the design and endpoints focus on device performance rather than regulatory‑grade efficacy or safety data, limiting its ability to support a pivotal regulatory filing.",Phase 3 designation; Randomized parallel‑group design; Study completed and results are available,"Primary endpoint is a device usability metric, not a clinical efficacy or safety outcome; No masking (open‑label) and no efficacy endpoints; Enrollment of 217 may be insufficient for definitive efficacy assessment","Clinical efficacy outcomes (e.g., ACR response, DAS28); Comprehensive safety data; Comparative effectiveness versus standard of care; Blinded assessment to reduce bias",weak,high,1.0,available,trial_identity.phase; design.allocation; design.masking; design.primary_purpose; design.enrollment_count; outcomes.primary_outcomes.measure; outcomes.primary_outcomes.description; evidence.has_results; evidence.raw_results_available,The trial is pivotal or sufficient for regulatory approval; Efficacy or safety of sarilumab has been demonstrated by this study; The auto‑injector device has received regulatory clearance based on this data
NCT02057250,economic_and_access_relevance,Economic and Access Relevance,"The trial compares a sarilumab auto‑injector device (AID) with a pre‑filled syringe (PFS) in rheumatoid arthritis patients, focusing on technical failures and pharmacokinetics rather than cost. The intervention is a biologic administered subcutaneously, implying a potentially high‑cost product and a delivery device that may affect access. The multicenter, international setting across 53 sites suggests broad geographic reach but does not address reimbursement or pricing mechanisms. No economic, pricing, or reimbursement data are reported in the source.","Inclusion of a device (auto‑injector) allows assessment of usability, which can influence patient adherence and indirect cost considerations.","Absence of any cost, pricing, or reimbursement information limits assessment of economic impact.; The study design focuses on technical failures, not on health‑economic outcomes such as cost‑effectiveness or budget impact.","Pricing or list price of sarilumab and the auto‑injector versus pre‑filled syringe.; Reimbursement status or payer coverage policies in the trial countries.; Health‑economic endpoints (e.g., cost per responder, resource utilization).; Comparative cost analysis of device versus syringe administration.",weak,high,1.0,available,trial_identity; disease_and_intervention; design; outcomes; eligibility; locations; scores,The actual price of sarilumab or the auto‑injector.; Whether the device is reimbursed or covered by insurers.; Cost‑effectiveness or budget impact of the device versus syringe.; Any conclusions about overall affordability for patients or health systems.
NCT02057250,evidence_transparency,Evidence Transparency,"The trial is marked as COMPLETED with results posted and raw results available, but no linked publications are provided. Primary and secondary endpoints are clearly described in the source data. While outcome data exist, the lack of peer‑reviewed publication limits external validation.","has_results is true and raw_results_available is true, indicating that outcome data have been posted; primary and secondary endpoint measures are explicitly listed","publication_count is 0 and publications list is empty, so no peer‑reviewed source is available; absence of detailed result tables or summary metrics in the source data",linked journal article or conference abstract summarizing the results; detailed numerical results for the primary and secondary endpoints,moderate,high,1.0,available,status; evidence.has_results; evidence.raw_results_available; evidence.publication_count; outcomes.primary_outcomes; outcomes.secondary_outcomes; scores.data_confidence_score,Efficacy or safety conclusions without seeing the actual result data; Regulatory approval status based on this trial alone; Market or commercial implications
NCT02057250,red_team_risk_review,Red-Team Risk Review,"The trial is a completed Phase 3, randomized, open‑label usability study comparing a sarilumab auto‑injector device with a pre‑filled syringe in 217 rheumatoid arthritis patients. The primary endpoint focuses on device‑related technical failures rather than clinical efficacy or safety. While the study design includes randomization and a sizable multinational enrollment, the lack of masking and the narrow outcome scope limit the ability to infer therapeutic benefit or risk.",Randomized parallel‑group design with 217 participants across 53 sites in multiple countries; Completion of a Phase 3 study with primary data on device technical failures,"Open‑label (no masking) design introduces potential bias in reporting device failures; Primary outcome measures only device usability, not clinical efficacy or safety of sarilumab; No published results or detailed statistical data are provided in the source","Efficacy outcomes for sarilumab (e.g., disease activity scores); Safety/adverse event data for the drug and device; Statistical analysis of the primary endpoint (failure rates, confidence intervals); Comparative effectiveness between auto‑injector and pre‑filled syringe",moderate,high,1.0,available,trial_identity.phase; trial_identity.status; design.allocation; design.masking; design.number_of_arms; design.enrollment_count; outcomes.primary_outcomes; outcomes.secondary_outcomes; eligibility.inclusion_criteria; eligibility.exclusion_criteria; evidence.has_results; evidence.raw_results_available,"That sarilumab is clinically effective or safe based on this trial; That the auto‑injector device improves patient outcomes beyond usability; Any market, regulatory, or investment implications; Comparative superiority of the auto‑injector over the pre‑filled syringe in disease control"
NCT02057250,population_relevance,Population Relevance,"The trial enrolled adults (≥18 years) with moderate-to-severe active rheumatoid arthritis who were candidates for anti‑IL‑6R therapy and able to self‑inject. Eligibility required continuous use of non‑biologic DMARDs and excluded prior exposure to IL‑6/IL‑6R antagonists, TNF antagonists, other biologics, and Janus kinase inhibitors. No upper age limit or sex restriction was specified, and the population is therefore relatively narrow, focusing on treatment‑naïve biologic‑eligible RA patients.","Clear inclusion criteria defining adult patients with moderate‑to‑severe RA and ability to self‑inject; Explicit exclusion of prior IL‑6/IL‑6R, TNF, and other biologic therapies, creating a well‑characterized cohort","Population is narrow due to multiple prior‑treatment exclusions, limiting applicability to broader RA populations; No maximum age specified, but lack of age stratification creates uncertainty about older adult representation","Upper age limit or age distribution of enrolled participants; Details on disease severity metrics (e.g., DAS28 scores) used to define 'moderate‑to‑severe'; Information on sex distribution and other demographic characteristics",moderate,high,0.8,available,eligibility.minimum_age; eligibility.sex; eligibility.eligibility_criteria_excerpt; design.enrollment_count; design.phase; disease_and_intervention.conditions,Generalizability to pediatric patients or to RA patients with prior biologic exposure; Efficacy or safety outcomes for the broader RA population; Real‑world applicability beyond the defined eligibility criteria
